name,value
Ркигёп,11044.160408497359
Лфещяза,112633.10927882987
Йфяфупё,71731.84331886332
Мнёйэр,57928.82346448207
Вщод,309369.36353569175
Снянё,-5194.596985975501
Жщохёшэ,-41757.94645888459
Гдюцев,-123886.15031434206
Чвор,-2254.888725306651
Зпякаб,-120712.12823668019
